{
	"name" : "ООО Малахитсофт",
    "post" : "Инженер-программист",
    "lifetime" : {"start": 1380585600, "stop": 0},
    "image" : "img/malahit.png",
    "responsibility" : [
    	{
    		"name" : "Разработка ERP-системы, модуль \"Кредитная модель\"",
    		"core" : ["Разработка модуля 'Кредитная модель' новой ERP-системы для групп компаний ЧТПЗ",
                      "Реализация функционала рассчёта планирования и изменения кредитов и кредитных линий. Учёт займов и комиссий.",
                      "End-to-End разработка: сначала был реализован WCF-сервис, затем клиентская часть приложения на C#, предоставляющая REST-интерфейс для получения данных, авторизации и маршрутизации",
                      "Манипулирование данными, за исключением ресурсоёмких операций, производится в браузере пользователя. Использованы такие компоненты, как jqGrid, JQueryUiDialog. Все данные подгружаются динамически, реализованы фильтры, сортировки, перестановки данных между таблицами и другие функции.",
                      "На JavaScript реализован класс, эквивалентный Generic Collection в .Net, дополненный специфическими функциями (поиск и замена по параметру, сортировка по атрибуту члена коллекции и т.п.)"
            ],
            "image" : "img/malahit.png",
    		"tech" : ["JavaScript", "JQuery", "jqGrid", "C#", ".Net MVC", "Entity Framework", "linq", "MS SQL", "Oracle PL/SQL", "Git", "TFS"],
            "comment" : "Основная логика реализована на JavaScript. Написано множество плагинов для JQuery, jqGrid и надстроек над стандартным функционалом (Прим: array.prototype.getConcatedPieces = function(){...}). Более подробное описание неуместно в резюме, но вполне доступно при личной беседе",
    		
        "complete" : true
    	}
    ]
}