{
	"name" : "ГБУЗ ЧОМИАЦ",
    "post" : "Программист",
    "lifetime" : {"start": 1343779200, "stop": 1370044800},
    "image": "img/miac.png",
    "responsibility" : [
    	{
    		"name" : "Кабинет администратора ведомственных проектов",
    		"core" : ["Кабинет администратора электронной почты - добавление, удаление, управление почтовыми ящиками пользователей с одновоременным ведением списка пользователей, их принадлежности подразделениям и ведением статистики",
    				  "Кабинет администратора почтовых рассылок - создание, изменение и удаление рассылок, подписывание пользователей и групп пользователей, рассылка вручную или по расписанию"
    				 ],
    		"tech" : ["JavaScript", "JQuery", "Ajax", "PHP", "MySQL", "Git"],
    		"comment" : "PHP использовался преимущественно для извлечения данных из баз. Приложение построено на JavaScript с Ajax-подгурзкой страниц и hash-навигацией",
    		"image" : "img/admin_def.png",
            "complete" : true
    	},
    	{
    		"name" : "Система телемедицинских консультаций",
    		"core" : ["Система, предлагающая функционал для ведения стандартизированных карт истории болезни пациентов + механизм соц.сети, позволяющий врачам назначать друг-другу консультации, пересылать истории болезни (и фотографии к ним) и участвовать в дискуссии касательно хода лечения",
    				  "Система позволяет передавать консультации не только лично, но и группе врачей, врачу конкретного учреждения, находящегося в данный момент на дежурстве. Также, возможна переадресация консультаций в другое учреждение."
    				],
    		"tech" : ["JavaScript", "JQuery", "Ajax", "PHP", "ZendFramework", "linq", "PHPUnti", "Selenium", "Python", "Git"],
    		"comment" : "Архитектура системы следует MVC-идеологии, основной функционал по заполнению карт реализован на клиенте (JavaScript). JQuery использовался для упрощения работы с DOM и упрощения реализации ajax-запросов",
    		"image": "img/tm.png",
            "complete" : true
    	}
    ]
}